chapter_id,grade,chapter,chapter_title,topic_id_1,topic_id_2
G6_C1,6,1,Wonders of the Living World,G6_C1_ORG_CHARS,G6_C1_ORG_DIFF
G6_C2,6,2,Things Around Us,G6_C2_MAT_STATES,G6_C2_MAT_PROPS
G6_C3,6,3,Water as a Natural Resource,G6_C3_WAT_STATES,G6_C3_WAT_IMPORT
G6_C4,6,4,Energy in Day to Day Life,G6_C4_ENE_SOURCES,G6_C4_ENE_FORMS
G6_C5,6,5,Light and Vision,G6_C5_LIG_SEE,G6_C5_LIG_RAYS
G6_C6,6,6,Sound and Hearing,G6_C6_SOU_PRODUCE,G6_C6_SOU_DIVERSE
G6_C7,6,7,Magnets,G6_C7_MAG_POLES,G6_C7_MAG_FORCES
G6_C8,6,8,Electricity for a Comfortable Life,G6_C8_ELE_CIRCUITS,G6_C8_ELE_CONDINS
G6_C9,6,9,Heat and Its Effects,G6_C9_HEA_GEN,G6_C9_HEA_ENV
G6_C10,6,10,Food Related Interactions,G6_C10_FOO_INTER,G6_C10_FOO_NUTR
G6_C11,6,11,Weather and Climate,G6_C11_WEA_WEATHER,G6_C11_WEA_DISASTER
G7_C1,7,1,Plant Diversity,G7_C1_PLA_DIVER,G7_C1_PLA_CLASSIF
G7_C2,7,2,Static Electricity,G7_C2_STA_CHARGES,G7_C2_STA_CAPACIT
G7_C3,7,3,Generation of Electricity,G7_C3_ELE_SOURCES,G7_C3_ELE_CURRENTS
G7_C4,7,4,Functions of Water,G7_C4_WAT_SOLVENT,G7_C4_WAT_COOLANT
G7_C5,7,5,Acids and Bases,G7_C5_ACI_IDENTIF,G7_C5_ACI_INDICAT
G7_C6,7,6,Animal Diversity,G7_C6_ANI_CLASSIF,G7_C6_ANI_ADAPTAT
G7_C7,7,7,Forms of Energy and Uses,G7_C7_ENE_FORMS,G7_C7_ENE_TRANSF
G7_C8,7,8,The Nature of the Earth,G7_C8_EAR_STRUCT,G7_C8_EAR_TECTON
G7_C9,7,9,Light,G7_C9_LIG_SHADOWS,G7_C9_LIG_MIRRORS
G7_C10,7,10,The Correct Use of the Microscope,G7_C10_MIC_LIGHT,G7_C10_MIC_ELECTR
G7_C11,7,11,Sound,G7_C11_SOU_PRODUCE,G7_C11_SOU_PROPAG
G7_C12,7,12,Biological Processes,G7_C12_BIO_LEVELS,G7_C12_BIO_SYSTEMS
G7_C13,7,13,Atmosphere,G7_C13_ATM_LAYERS,G7_C13_ATM_AIR
G7_C14,7,14,Heat and Temperature,G7_C14_HEA_MEASURE,G7_C14_HEA_TRANSF
G7_C15,7,15,Soil,G7_C15_SOI_TYPES,G7_C15_SOI_EROSION
G7_C16,7,16,Force and Motion,G7_C16_FOR_DIST,G7_C16_FOR_FORCE
G7_C17,7,17,Nutrients in Food,G7_C17_NUT_FOOD,G7_C17_NUT_TESTS
G7_C18,7,18,Minerals and Rocks,G7_C18_ROC_KINDS,G7_C18_ROC_CYCLE
G7_C19,7,19,Sources of Energy,G7_C19_ENE_RENEW,G7_C19_ENE_SUSTAIN
G8_C1,8,1,Importance of Microorganisms,G8_C1_MIC_INTRO,G8_C1_MIC_EFFECTS
G8_C2,8,2,Animal Classification,G8_C2_ANI_INVERT,G8_C2_ANI_VERT
G8_C3,8,3,Diversity and Functions of Plant Parts,G8_C3_PLA_LEAVES,G8_C3_PLA_STEMROOT
G8_C4,8,4,Properties of Matter,G8_C4_MAT_PARTICLE,G8_C4_MAT_PROPS
G8_C5,8,5,Sound,G8_C5_SOU_INSTR,G8_C5_SOU_VIBRATE
G8_C6,8,6,Magnets,G8_C6_MAG_FIELD,G8_C6_MAG_TYPES
G8_C7,8,7,Measurements Associated with Electricity,G8_C7_ELE_CURRENT,G8_C7_ELE_RESIST
G8_C8,8,8,Changes in Matter,G8_C8_CHA_PHYSCHEM,G8_C8_CHA_COMBUST
G8_C9,8,9,Human Organ Systems,G8_C9_HUM_EXCRET,G8_C9_HUM_NERVSKIN
G8_C10,8,10,Electricity,G8_C10_ELE_CIRCUITS,G8_C10_ELE_EFFECTS
G8_C11,8,11,Main Biological Processes in Plants,G8_C11_PHO_PROCESS,G8_C11_PHO_TRANSP
G8_C12,8,12,Life Cycles of Living Organisms,G8_C12_LIF_ANIMAL,G8_C12_LIF_PLANT
G8_C13,8,13,Food Preservation,G8_C13_FOO_METHODS,G8_C13_FOO_LABEL
G8_C14,8,14,Solar System Phenomena,G8_C14_SOL_SYSTEM,G8_C14_SOL_EXPLORE
G8_C15,8,15,Natural Disasters,G8_C15_DIS_HYDRO,G8_C15_DIS_LIGHTNG
G9_C1,9,1,Applications of Micro-organisms,G9_C1_MIC_ENV,G9_C1_MIC_EFFECTS
G9_C2,9,2,Eye and Ear,G9_C2_SEN_EYE,G9_C2_SEN_EAR
G9_C3,9,3,Nature and Properties of Matter,G9_C3_MAT_ELEMENTS,G9_C3_MAT_MIXTURES
G9_C4,9,4,Basic Concepts Associated with Force,G9_C4_FOR_FORCE,G9_C4_FOR_GRAPH
G9_C5,9,5,Pressure Exerted by Solid,G9_C5_PRE_PRESSURE,G9_C5_PRE_APPLY
G9_C6,9,6,The Human Circulatory System,G9_C6_CIR_HEART,G9_C6_CIR_BLOOD
G9_C7,9,7,Plant Growth Substances,G9_C7_PGS_INTRO,G9_C7_PGS_ARTIF
G9_C8,9,8,Support and Movements of Organisms,G9_C8_MOV_ANIMAL,G9_C8_MOV_PLANT
G9_C9,9,9,The Evolutionary Process,G9_C9_EVO_ORIGIN,G9_C9_EVO_BIODIV
G9_C10,9,10,Electrolysis,G9_C10_ELE_LYSIS,G9_C10_ELE_PLATE
G9_C11,9,11,Density,G9_C11_DEN_INTRO,G9_C11_DEN_HYDRO
G9_C12,9,12,Bio-diversity,G9_C12_BIO_INTRO,G9_C12_BIO_ECO
G9_C13,9,13,Artificial Environment and Green Concept,G9_C13_GRN_CONCEPT,G9_C13_GRN_AGRI
G9_C14,9,14,Reflection and Refraction of Waves,G9_C14_WAV_REFLECT,G9_C14_WAV_REFRACT
G9_C15,9,15,Simple Machines,G9_C15_MAC_LEVER,G9_C15_MAC_PULLEY
G9_C16,9,16,Nanotechnology and its Applications,G9_C16_NANO_INTRO,G9_C16_NANO_APPS
G9_C17,9,17,Lightning Accidents,G9_C17_LIG_OCCUR,G9_C17_LIG_PREVENT
G9_C18,9,18,Natural Disasters,G9_C18_DIS_TYPES,G9_C18_DIS_WARMING
G9_C19,9,19,Sustainable Use of Natural Resources,G9_C19_RES_WATER,G9_C19_RES_MINERAL
